Workbook

Sheet Данные
A1: Модель 10. Источник: Мировой банк.
A2: Страна | B2: y | C2: x1 | D2: x2 | E2: x3 | F2: x4 | G2: x5
A3: Africa Eastern and Southern | B3: 1422.6555 | C3: 45.1505 | D3: 5.9463 | E3: 25 | F3: 36.9085 | G3: 62.98
A4: Africa Western and Central | B4: 1725.1712 | C4: 45.5674 | D4: 4.1357 | E4: 34.7 | F4: 51.0894 | G4: 57.355
A5: East Asia & Pacific | B5: 12018.116 | C5: 90.5818 | D5: 6.8438 | E5: 78.8 | F5: 63.2352 | G5: 76.1529
A6: East Asia & Pacific (excluding high income) | B6: 8905.6807 | C6: 89.4163 | D6: 5.1512 | E6: 77.6 | F6: 60.3526 | G6: 75.2781
A7: East Asia & Pacific (IDA & IBRD countries) | B7: 9005.5181 | C7: 89.3586 | D7: 5.1514 | E7: 78.3 | F7: 60.3209 | G7: 75.301
A8: Europe & Central Asia | B8: 24641.425 | C8: 103.0497 | D8: 10.3794 | E8: 86.3 | F8: 73.6225 | G8: 76.7286
A9: Europe & Central Asia (excluding high income) | B9: 7690.4699 | C9: 98.3635 | D9: 5.6743 | E9: 79.1 | F9: 68.1504 | G9: 72.8824
A10: Europe & Central Asia (IDA & IBRD countries) | B10: 9476.6511 | C10: 97.4853 | D10: 6.4515 | E10: 82.6 | F10: 68.868 | G10: 72.1506
A11: High income | B11: 40005.147 | C11: 104.3985 | D11: 13.0944 | E11: 90 | F11: 79.8088 | G11: 78.7982
A12: IBRD only | B12: 6729.3334 | C12: 88.0159 | D12: 5.636 | E12: 70.3 | F12: 57.4187 | G12: 71.9742
A13: IDA & IBRD total | B13: 5288.4875 | C13: 74.038 | D13: 5.5251 | E13: 59.3 | F13: 52.5082 | G13: 69.6691
A14: IDA blend | B14: 1988.1432 | C14: 47.0854 | D14: 3.9549 | E14: 32.4 | F14: 47.0949 | G14: 60.8765
... A164: Viet Nam | B164: 3358.2173 | C164: 92.769 | D164: 4.5379 | E164: 74.21 | F164: 36.6541 | G164: 74.145
A165: Среднее | B165: =AVERAGE(B3:B164) -> 15926.827 | C165: =AVERAGE(C3:C164) -> 88.532451 | D165: =AVERAGE(D3:D164) -> 7.2189432 | E165: =AVERAGE(E3:E164) -> 69.838635 | F165: =AVERAGE(F3:F164) -> 62.293875 | G165: =AVERAGE(G3:G164) -> 72.020264
B166: https://data.worldbank.org/indicator/NY.GDP.PCAP.KD?spm=a2ty_o01.29997173.0.0.453bc921rthaGp&file=NY.GDP.PCAP.KD | C166: https://data.worldbank.org/indicator/SE.SEC.ENRR?spm=a2ty_o01.29997173.0.0.453bc921rthaGp&file=SE.SEC.ENRR | D166: https://data.worldbank.org/indicator/SH.XPD.CHEX.GD.ZS?spm=a2ty_o01.29997173.0.0.453bc921rthaGp&file=SH.XPD.CHEX.GD.ZS | E166: https://data.worldbank.org/indicator/IT.NET.USER.ZS?spm=a2ty_o01.29997173.0.0.453bc921rthaGp&file=IT.NET.USER.ZS | F166: https://data.worldbank.org/indicator/SP.URB.TOTL.IN.ZS?spm=a2ty_o01.29997173.0.0.453bc921rthaGp&file=SP.URB.TOTL.IN.ZS | G166: https://data.worldbank.org/indicator/SP.DYN.LE00.IN?spm=a2ty_o01.29997173.0.0.453bc921rthaGp&file=SP.DYN.LE00.IN

Sheet Корр.матрица
A1: Корреляционная матрица
B2: y | C2: x1 | D2: x2 | E2: x3 | F2: x4 | G2: x5
A3: y | B3: =CORREL(Данные!B3:B164,Данные!B3:B164) -> 1 | C3: =CORREL(Данные!B3:B164,Данные!C3:C164) -> 0.54103395 | D3: =CORREL(Данные!B3:B164,Данные!D3:D164) -> 0.46351733 | E3: =CORREL(Данные!B3:B164,Данные!E3:E164) -> 0.59768968 | F3: =CORREL(Данные!B3:B164,Данные!F3:F164) -> 0.59409841 | G3: =CORREL(Данные!B3:B164,Данные!G3:G164) -> 0.72562624
A4: x1 | B4: =CORREL(Данные!C3:C164,Данные!B3:B164) -> 0.54103395 | C4: =CORREL(Данные!C3:C164,Данные!C3:C164) -> 1 | D4: =CORREL(Данные!C3:C164,Данные!D3:D164) -> 0.52588984 | E4: =CORREL(Данные!C3:C164,Данные!E3:E164) -> 0.802654 | F4: =CORREL(Данные!C3:C164,Данные!F3:F164) -> 0.5869234 | G4: =CORREL(Данные!C3:C164,Данные!G3:G164) -> 0.73797369
A5: x2 | B5: =CORREL(Данные!D3:D164,Данные!B3:B164) -> 0.46351733 | C5: =CORREL(Данные!D3:D164,Данные!C3:C164) -> 0.52588984 | D5: =CORREL(Данные!D3:D164,Данные!D3:D164) -> 1 | E5: =CORREL(Данные!D3:D164,Данные!E3:E164) -> 0.50592262 | F5: =CORREL(Данные!D3:D164,Данные!F3:F164) -> 0.51296289 | G5: =CORREL(Данные!D3:D164,Данные!G3:G164) -> 0.52697522
A6: x3 | B6: =CORREL(Данные!E3:E164,Данные!B3:B164) -> 0.59768968 | C6: =CORREL(Данные!E3:E164,Данные!C3:C164) -> 0.802654 | D6: =CORREL(Данные!E3:E164,Данные!D3:D164) -> 0.50592262 | E6: =CORREL(Данные!E3:E164,Данные!E3:E164) -> 1 | F6: =CORREL(Данные!E3:E164,Данные!F3:F164) -> 0.74075655 | G6: =CORREL(Данные!E3:E164,Данные!G3:G164) -> 0.82140926
A7: x4 | B7: =CORREL(Данные!F3:F164,Данные!B3:B164) -> 0.59409841 | C7: =CORREL(Данные!F3:F164,Данные!C3:C164) -> 0.5869234 | D7: =CORREL(Данные!F3:F164,Данные!D3:D164) -> 0.51296289 | E7: =CORREL(Данные!F3:F164,Данные!E3:E164) -> 0.74075655 | F7: =CORREL(Данные!F3:F164,Данные!F3:F164) -> 1 | G7: =CORREL(Данные!F3:F164,Данные!G3:G164) -> 0.65220908
A8: x5 | B8: =CORREL(Данные!G3:G164,Данные!B3:B164) -> 0.72562624 | C8: =CORREL(Данные!G3:G164,Данные!C3:C164) -> 0.73797369 | D8: =CORREL(Данные!G3:G164,Данные!D3:D164) -> 0.52697522 | E8: =CORREL(Данные!G3:G164,Данные!E3:E164) -> 0.82140926 | F8: =CORREL(Данные!G3:G164,Данные!F3:F164) -> 0.65220908 | G8: =CORREL(Данные!G3:G164,Данные!G3:G164) -> 1
A11: Описание переменных:
A12: y — ВВП на душу населения (пост. цены 2015, $)
A13: x1 — Охват средним образованием (% брутто)
A14: x2 — Расходы на здравоохранение (% от ВВП)
A15: x3 — Пользователи интернета (% от населения)
A16: x4 — Городское население (% от общего)
A17: x5 — Ожидаемая продолжительность жизни (лет)

Sheet Выводы 1
A4: Выводы
A6: 1. Зависимость результативного признака (y) от факторов (x):
A8: r(y, x1) = +0.5410 — заметная прямая связь
A9: (Охват средним образованием (% брутто))
A10: r(y, x2) = +0.4635 — умеренная прямая связь
A11: (Расходы на здравоохранение (% от ВВП))
A12: r(y, x3) = +0.5977 — заметная прямая связь
A13: (Пользователи интернета (% от населения))
A14: r(y, x4) = +0.5941 — заметная прямая связь
A15: (Городское население (% от общего))
A16: r(y, x5) = +0.7256 — высокая прямая связь
A17: (Ожидаемая продолжительность жизни (лет))
... A39: Все факторы имеют |r| >= 0.4, исключать нечего.
